ID	Description	setSize	enrichmentScore	NES	pvalue	p.adjust	qvalues	rank	leading_edge	core_enrichment
GO:0050661	GO:0050661	NADP binding	46	0.83802534784516	2.00572276137209	2.10526353500792e-06	0.00208421089965784	0.00195900312099684	703	tags=24%, list=5%, signal=23%	SPR/CRYM/FMO3/DUOX1/PGD/GRHPR/POR/IDH1/HIBADH/DHCR7/TP53I3
GO:0003735	GO:0003735	structural constituent of ribosome	157	-0.526289426186113	-1.85398357690274	3.22358585123959e-05	0.015956749963636	0.0149981573289252	2464	tags=50%, list=19%, signal=41%	RPL18/MRPL49/RPS9/RPL37A/RPS17/RPLP2/RSL24D1/RPL31/RPL27A/MRPL3/RPS21/UBA52/RPS24/MRPL18/RPL24/MRPS30/MRPS25/RPS11/RPL35A/RPLP1/RPL23A/RPL39/RPS18/RPS27/RPL37/RPL19/RPL28/RPS5/RPS20/MRPL21/RPL7L1/RPL34/MRPL11/RPL41/RPS29/RPL8/RPL12/RPS13/MRPS18C/RPS3/MRPS36/RPL23/MRPL42/RPL32/RPL22L1/RPS15A/RPS14/RPS27A/RPS8/RPS23/RPL18A/RPS2/RPL7A/RPS7/RPS12/RPL10/RPL14/RPL30/RPL15/RPL11/RPS25/RPL27/RPS4X/RPL13A/RPL21/RPL22/RPL9/RPL7/RPL3/RPS6/RPL10A/RPL4/RPLP0/RPL13/RPL6/RPSA/RPL5/RPS3A
GO:0005201	GO:0005201	extracellular matrix structural constituent	108	0.695997731699384	1.8672132087849	0.000136802878267867	0.045144949828396	0.042432892767998	1074	tags=10%, list=8%, signal=9%	COL3A1/SRPX2/COL6A2/MFAP2/COL9A2/FGL2/COL9A3/COL18A1/COL4A3/MUC4/HSPG2
