ID	Description	setSize	enrichmentScore	NES	pvalue	p.adjust	qvalues	rank	leading_edge	core_enrichment
GO:0005201	extracellular matrix structural constituent	124	0.834804632900324	2.14616529507855	1.5529180834164e-05	0.00910855266022315	0.00895372778395886	74	tags=3%, list=1%, signal=3%	LTBP1/MUC3A/BGN/LAMA5
GO:0140375	immune receptor activity	110	-0.722299256707693	-2.00868292587275	1.77209195724186e-05	0.00910855266022315	0.00895372778395886	978	tags=21%, list=7%, signal=20%	HLA-DOB/IL2RG/LILRA4/HLA-DQB2/CXCR4/HLA-DQB1/CCR6/IL27RA/EPOR/CCR7/CD44/IL1RAP/LILRB1/HLA-DRA/IL2RA/HLA-DRB1/HLA-DPA1/CD74/HLA-DQA1/FCGR2B/HLA-DOA/IL10RA/CXCR3
GO:0016849	phosphorus-oxygen lyase activity	17	0.951227961140913	2.12173910773181	7.873095393218e-05	0.026978473547427	0.0265199002718922	5	tags=6%, list=0%, signal=6%	GUCY1A1
GO:0017147	Wnt-protein binding	21	0.945852136738558	2.19346956674367	0.000144286550872467	0.037081643574224	0.0364513391677811	23	tags=10%, list=0%, signal=10%	FRZB/RECK
GO:0004675	transmembrane receptor protein serine/threonine kinase activity	14	0.950106000523142	2.10195758486373	0.000199048311509347	0.0386504177822869	0.0379934477483058	2	tags=7%, list=0%, signal=7%	LTBP1
GO:0009975	cyclase activity	16	0.950154078214109	2.12497325005495	0.000225586096005566	0.0386504177822869	0.0379934477483058	5	tags=6%, list=0%, signal=6%	GUCY1A1
